{
    "Bronze": 0.20244902674290996,
    "Gold": 0.028232636928289104,
    "Silver": 0.03676061044892503
}