{
    "Affluent": 0.03095450490633363,
    "Emerging": 0.17623649801023308,
    "Mass": 0.39475648441873484,
    "Priority": 0.000700994137139944
}