{
    "age": {
        "(19.9999, 32.0]": -0.31816860385759826,
        "(32.0, 36.0]": -0.1432983549982186,
        "(36.0, 40.0]": -0.11284302487018613,
        "(40.0, 44.0]": -0.019844570277438318,
        "(44.0, 47.0]": 0.04282128965434694,
        "(47.0, 51.0]": 0.04736147118027834,
        "(51.0, 56.0]": 0.16489871080648377,
        "(56.0, 62.0]": 0.1757170300816941,
        "(62.0, 70.0]": 0.15905226990146998,
        "(70.0, 90.0]": 0.1582725563752174
    },
    "balance": {
        "(408662.9999, 7549273.5]": -1.3323299681037295,
        "(7549273.5, 12147461.2]": -0.8901577320819307,
        "(12147461.2, 17210574.6]": -0.5438099207453684,
        "(17210574.6, 23163746.4]": -0.29386571898719294,
        "(23163746.4, 30902758.0]": -0.03268593468568592,
        "(30902758.0, 41817484.8]": 0.293761118528163,
        "(41817484.8, 57932487.0]": 0.7911976578842081,
        "(57932487.0, 84958107.2]": 1.3567418273793284,
        "(84958107.2, 145682883.6]": 2.2956954899389705,
        "(145682883.6, 1000000000.0]": 3.8828202373598883
    },
    "credit_sco": {
        "(494.9999, 620.0]": -1.076001123417707,
        "(620.0, 641.0]": -0.6891979838528488,
        "(641.0, 656.0]": -0.4395912168080007,
        "(656.0, 669.0]": -0.23913950369225373,
        "(669.0, 682.0]": -0.03193992658058158,
        "(682.0, 695.0]": 0.18388558835381066,
        "(695.0, 710.0]": 0.41994653095734014,
        "(710.0, 728.0]": 0.8359258370070739,
        "(728.0, 753.0]": 1.3632570043434606,
        "(753.0, 800.0]": 2.489960843097253
    }
}